{
	"Autolykos": "al", 
	"FiroPow": "fpw", 
	"Octopus": "ops", 
	"ProgPowZ": "ppw", 
	"ProgPow": "ppw", 
	"CryptoNightGPU": "cng", 
	"KawPow": "kpw", 
	"Ethash": "eth", 
	"ZelHash": "zlh", 
	"Zhash": "zh",
	"BeamHashIII": "eqb",
	"CryptoNightHaven": "cnh",
	"CryptoNightFastV2": "cnf",
	"Cortex": "cx",
	"Aion": "eqa",
	"CuckooCycle": "cc",
	"Cuckaroo29s": "cr29",
	"Cuckatoo32": "ct32",
	"RandomX": "rmx",
	"kHeavyHash": "hh",
	"RandomX": "rmx",
	"NeoScrypt": "ns",
	"X25X": "x25x",
	"Verthash": "vh",
	"Etchash": "e4g",
	"Ubqhash": "e4g",
	"Blake3": "b3",
	"Argon2d-NIM": "a2n",
	"Equihash (210,9)": "eqa",
	"Cuckatoo31": "ct31"
}