{ 
  "RTX 3090": "3090",
  "RTX 3090 Ti": "39Ti",
  "RTX 3080": "38L",
  "RTX 3080 Ti": "38Ti",
  "RTX 3070" : "37L",
  "RTX 3070 Ti": "37Ti", 
  "RTX 3060": "36L",
  "RTX 3060 Ti": "36TiL",  
  "RX 6900 XT": "69xt",
  "RX 6800 XT": "68xt",
  "RX 6800": "68",
  "RX 6700 XT": "67xt",
  "RX 6600 XT": "66xt",  
  "Radeon VII": "vii",  
  "RX 5700 XT": "5700xt",
  "RX 5700": "5700",
  "RX 5600 XT": "5600xt",
  "RX Vega 64": "vega64",
  "RX Vega 56": "vega56",  
  "RX 6600": "66",
  "RX 580": "580",
  "RX 570": "570",
  "RX 480": "480",
  "RX 470": "470",  
  "R9 Fury": "fury",
  "R9 380 4GB": "380",  
  "RTX A5000": "a5",
  "RTX A4500": "a45",
  "RTX A4000": "a4",  
  "RTX 2080 Ti": "2080Ti",
  "RTX 2080": "2080",
  "RTX 2070": "2070",
  "RTX 2060": "2060",
  "GTX 1660 Super": "166s",
  "GTX 1660 Ti": "1660Ti",
  "GTX 1660": "1660",
  "GTX 1080 Ti": "1080Ti",
  "GTX 1080": "1080",
  "GTX 1070 Ti": "1070Ti",
  "GTX 1070": "1070",
  "GTX 1060 Ti": "1060Ti",
  "GTX 1060": "1060",
  "GTX 1050 Ti": "1050Ti",
  "GTX 1050": "1050"
}